cpu2gpu_time	gpu_time
0.007508516	0.439270973
0.006335974	0.108982086
0.014434576	0.108701944
0.008404493	0.104964495
0.006356955	0.104876280
0.006335020	0.104787588
0.006346941	0.104587555
0.006347418	0.104569197
0.006434441	0.105277538
0.006337166	0.104883194
0.006328821	0.104740143
