cpu2gpu_time	gpu_time
0.008252859	0.435908079
0.001466274	0.031119585
0.001425028	0.031049728
0.001449347	0.033422709
0.001455307	0.031119347
0.001447439	0.031139851
0.001451254	0.031182766
0.005033731	0.029239655
0.001477480	0.032072067
0.001496077	0.030428648
0.001469374	0.029039621
