cpu2gpu_time	gpu_time
0.002097607	0.475560427
0.001657724	0.034554005
0.001627207	0.034794092
0.001632452	0.034571886
0.001657486	0.034523964
0.001642466	0.033622265
0.001661777	0.032552481
0.001668930	0.032444477
0.001655340	0.032316685
0.001657963	0.032321215
0.001656055	0.031434774
