cpu2gpu_time	gpu_time
0.002471447	0.387952805
0.001530886	0.032819033
0.001528502	0.032839060
0.001539469	0.032967567
0.001535177	0.033059597
0.001571178	0.032526493
0.001558065	0.030752420
0.001683950	0.030867100
0.001568794	0.031458139
0.001538992	0.030550718
0.001578569	0.030386448
