cpu2gpu_time	gpu_time
0.005900621	0.391129971
0.001052141	0.024125814
0.001038074	0.024007082
0.001040459	0.024152756
0.001050234	0.024015665
0.002476215	0.023390055
0.001079798	0.022660732
0.001049280	0.022966623
0.003037691	0.022584915
0.001048803	0.022832155
0.001062870	0.022740602
