cpu2gpu_time	gpu_time
0.001162529	0.406641483
0.000900269	0.021544456
0.000890255	0.021400213
0.000892639	0.021690845
0.000906467	0.021789789
0.000905275	0.021584511
0.000937223	0.024648190
0.000913143	0.020606041
0.000932693	0.020447493
0.000905752	0.020482779
0.002346754	0.020113945
