cpu2gpu_time	gpu_time
0.000765324	0.380280972
0.000556946	0.015604734
0.000551224	0.015290260
0.000543594	0.015317678
0.000550747	0.015358448
0.000562668	0.015425444
0.000573635	0.015473366
0.000564337	0.015329599
0.000578642	0.015824556
0.000562906	0.016173363
0.000598431	0.015547514
