cpu2gpu_time	gpu_time
0.000837088	0.352242470
0.000575781	0.015615225
0.000497103	0.014374495
0.000494719	0.014394045
0.000504732	0.014415264
0.000514507	0.014456749
0.000506639	0.014660597
0.000517845	0.014980078
0.000513315	0.014252663
0.000527143	0.015351772
0.000509501	0.013824940
