cpu2gpu_time	gpu_time
0.008224249	0.411537647
0.001493454	0.032005072
0.001480818	0.031975269
0.001483679	0.032046318
0.001508951	0.032239437
0.001500368	0.031991959
0.001517773	0.032378912
0.001549244	0.031213284
0.001514435	0.029937506
0.001492977	0.029962301
0.001539469	0.029968739
