cpu2gpu_time	gpu_time
0.000330210	0.323778629
0.000212908	0.009146452
0.000220776	0.007284403
0.000244141	0.008349180
0.000241518	0.008482933
0.000176907	0.007433891
0.000198364	0.008282900
0.000243425	0.008466244
0.000175238	0.007659197
0.000376940	0.008608341
0.000374079	0.008863449
