cpu2gpu_time	gpu_time
0.002119780	0.425472975
0.001260281	0.027586222
0.001235247	0.027509212
0.001237869	0.026530743
0.001251459	0.025742292
0.002597094	0.025678873
0.001300335	0.029866219
0.001243114	0.025662899
0.001337051	0.028307438
0.001258850	0.025154591
0.001240492	0.024545193
