cpu2gpu_time	gpu_time
0.000543356	0.342381954
0.000314474	0.010805607
0.000300884	0.010695457
0.000297308	0.010687828
0.000302553	0.011264324
0.000402451	0.011054516
0.000302315	0.010752439
0.001132965	0.010992527
0.000344515	0.011514664
0.000312567	0.011368036
0.000306368	0.011041880
