cpu2gpu_time	gpu_time
0.001479864	0.411314249
0.001106024	0.025280476
0.001091242	0.024982929
0.001090050	0.024995089
0.001091480	0.024899483
0.003371239	0.025552988
0.001093864	0.023839951
0.001095295	0.023374557
0.001197815	0.027054071
0.001157522	0.023391485
0.002913237	0.023275614
