cpu2gpu_time	gpu_time
0.000755548	0.348264456
0.000433922	0.012909651
0.000400782	0.012482405
0.000400543	0.013742447
0.000407219	0.012899399
0.000398874	0.012726307
0.000419855	0.014339685
0.000424623	0.012876272
0.000425339	0.013152838
0.000451803	0.012896776
0.000427961	0.013378859
