cpu2gpu_time	gpu_time
0.002177477	0.440630913
0.001291990	0.028501272
0.001283646	0.028465986
0.001286268	0.027588844
0.001296759	0.026666403
0.001306772	0.026711464
0.001310587	0.026709795
0.001315117	0.026674747
0.001318693	0.028985977
0.001314163	0.025812864
0.001303434	0.025562286
