cpu2gpu_time	gpu_time
0.005561829	0.378604412
0.000998974	0.023273706
0.000993013	0.023217201
0.000998259	0.023290157
0.001005888	0.023149014
0.001009941	0.022021055
0.001029730	0.022215366
0.001050949	0.026644945
0.001060724	0.022669315
0.001020432	0.021815300
0.001787424	0.021917820
