cpu2gpu_time	gpu_time
0.003780603	0.516258717
0.003188372	0.063519239
0.003184557	0.061926603
0.003212690	0.058654308
0.003184319	0.058493853
0.003184080	0.056559086
0.003249407	0.055572987
0.003185511	0.055356503
0.003189325	0.055791616
0.003303528	0.055921793
0.003195286	0.055205107
