cpu2gpu_time	gpu_time
0.003464937	0.359031677
0.000614166	0.016296864
0.000592470	0.016145229
0.000592470	0.016132832
0.000593185	0.016138554
0.000599623	0.016194344
0.000609398	0.018675327
0.000623941	0.015921831
0.000600576	0.015426636
0.000672102	0.017498732
0.000600815	0.015326977
