cpu2gpu_time	gpu_time
0.001042366	0.374323130
0.000753164	0.019467354
0.000751495	0.018812656
0.000741720	0.019003630
0.000748158	0.018853188
0.000756264	0.019050837
0.000758410	0.018949986
0.000763178	0.019371986
0.000784874	0.018904924
0.000768423	0.018843412
0.000761032	0.018591404
