cpu2gpu_time	gpu_time
0.007870436	0.429211855
0.001394987	0.030447006
0.001386404	0.030328512
0.001386642	0.029241323
0.001411200	0.028360844
0.001423359	0.028225660
0.001413584	0.028278589
0.001593590	0.032402992
0.001477957	0.029871225
0.001413345	0.027206659
0.001405001	0.027102947
