cpu2gpu_time	gpu_time
0.000461340	0.328623772
0.000219107	0.011615515
0.000212908	0.009298325
0.000398874	0.009583235
0.000218153	0.008970261
0.000205278	0.008977175
0.000910759	0.009025812
0.000400543	0.009583950
0.001053095	0.009088039
0.000215530	0.009353876
0.000210285	0.009124517
