cpu2gpu_time	gpu_time
0.001012087	0.387057543
0.000714302	0.018068314
0.000692606	0.017901897
0.000696182	0.017929316
0.000700712	0.018130064
0.000707626	0.018126726
0.000719070	0.019195795
0.000717878	0.019907951
0.000718355	0.017992258
0.000767469	0.019930601
0.000728846	0.020001173
