cpu2gpu_time	gpu_time
0.008946657	0.431187868
0.001601696	0.033895016
0.001581430	0.036839247
0.001601934	0.029964447
0.001590967	0.029959202
0.001616716	0.030035734
0.001606464	0.030162573
0.001612186	0.030020237
0.001637459	0.030647993
0.001611233	0.031036377
0.001596928	0.029949903
