cpu2gpu_time	gpu_time
0.000738621	0.380581856
0.000469208	0.032747030
0.000463009	0.037227631
0.000468731	0.038607121
0.000493526	0.037634850
0.000478745	0.033589602
0.000464916	0.033689499
0.000473738	0.033594131
0.000463963	0.033283234
0.000470161	0.032455683
0.000466108	0.032886982
