cpu2gpu_time	gpu_time
0.000998735	0.407076836
0.000780106	0.044497013
0.000768423	0.042684317
0.000830889	0.054975271
0.000776052	0.047731400
0.000795841	0.043332577
0.000772715	0.047997952
0.000778913	0.047370434
0.000775337	0.047080040
0.000785589	0.044869661
0.000771046	0.044977188
