cpu2gpu_time	gpu_time
0.002254486	0.493105412
0.001333237	0.071362972
0.001333714	0.064486980
0.001343012	0.067951918
0.001385689	0.069810629
0.001350164	0.065918684
0.001345396	0.067734003
0.001339674	0.065551996
0.001374006	0.074694395
0.001366854	0.075316906
0.001362324	0.071331263
