cpu2gpu_time	gpu_time
0.008017540	0.485271692
0.001472950	0.075606823
0.001482010	0.074012041
0.001500368	0.076475620
0.001490593	0.076230288
0.001489401	0.070954084
0.001490593	0.072442293
0.001490355	0.070801258
0.001575232	0.081279993
0.001517057	0.078956127
0.001500607	0.071031094
