cpu2gpu_time	gpu_time
0.000775099	0.398091078
0.000580311	0.036803961
0.000558853	0.039153576
0.000564337	0.035083532
0.000572443	0.036641836
0.000562668	0.038951159
0.000567913	0.037994146
0.000568151	0.037416220
0.000577450	0.037287235
0.000567198	0.036348343
0.002465963	0.040956736
