cpu2gpu_time	gpu_time
0.006746292	0.465439796
0.001245975	0.068383217
0.001239538	0.064112425
0.001511574	0.072654009
0.001379013	0.067887306
0.001261950	0.065994978
0.001250267	0.064812183
0.001240969	0.063036203
0.001302481	0.068000793
0.001263142	0.068684340
0.001240730	0.069589853
