cpu2gpu_time	gpu_time
0.000771999	0.441782475
0.000678778	0.045742035
0.000686169	0.045043945
0.000691891	0.046617746
0.000746727	0.054983139
0.000676394	0.053222656
0.000695705	0.048981190
0.000714302	0.050869465
0.000753164	0.054485321
0.000678062	0.053781033
0.000700951	0.049819946
