cpu2gpu_time	gpu_time
0.000463247	0.363676071
0.000246286	0.025546789
0.000225306	0.027243137
0.000219822	0.028694868
0.000215769	0.032765150
0.000227451	0.025199413
0.000211716	0.027154684
0.000222445	0.027028084
0.000814438	0.027247906
0.000218630	0.026696920
0.000214577	0.029340506
