cpu2gpu_time	gpu_time
0.001087427	0.424742937
0.000906229	0.049343109
0.000902414	0.048456192
0.001027822	0.054154634
0.000905514	0.048938751
0.000972986	0.054993629
0.000956774	0.052148819
0.000930548	0.048631430
0.000941515	0.054522753
0.000926495	0.051875591
0.000935316	0.052669048
