cpu2gpu_time	gpu_time
0.000384092	0.356947899
0.000212193	0.032398224
0.000181198	0.029659748
0.000222206	0.029135466
0.000177145	0.029825211
0.000196695	0.030214071
0.000169754	0.027467012
0.000190020	0.029086351
0.000216484	0.027591467
0.000192881	0.028043747
0.000876665	0.027276039
