cpu2gpu_time	gpu_time
0.006188631	0.450029135
0.001181364	0.067206621
0.001188040	0.060126305
0.001218796	0.062608719
0.001226425	0.063755035
0.001250744	0.065155506
0.001202583	0.059568405
0.001228094	0.066360950
0.001197100	0.060720205
0.001311302	0.061568022
0.001193285	0.061381817
