cpu2gpu_time	gpu_time
0.001271486	0.453694344
0.001041174	0.056168079
0.001039982	0.054833174
0.001055241	0.058403254
0.001046419	0.059113264
0.001070976	0.054900885
0.001085281	0.063984632
0.001091719	0.066510439
0.001073599	0.055284500
0.001068354	0.070818424
0.005133152	0.061316252
