cpu2gpu_time	gpu_time
0.000575542	0.362625360
0.000317335	0.029740095
0.000334740	0.032775879
0.000445843	0.027554035
0.000309467	0.032197237
0.000319481	0.029243231
0.000323057	0.032950163
0.000323296	0.031570673
0.000315189	0.031548738
0.000342131	0.028339624
0.000328064	0.027599096
