cpu2gpu_time	gpu_time
0.016248703	0.640597105
0.003190994	0.153855324
0.003202915	0.148878336
0.003188610	0.148851395
0.003186226	0.148922443
0.003201246	0.148878336
0.003215551	0.148820400
0.003240108	0.151611090
0.003206730	0.149098396
0.003250122	0.152517557
0.003211260	0.155884743
