cpu2gpu_time	gpu_time
0.001237631	0.426525354
0.000934601	0.052496910
0.000950336	0.051103354
0.000960588	0.050411701
0.001018286	0.059849977
0.001004219	0.056168318
0.000963926	0.050122023
0.000999689	0.054893255
0.000970364	0.055958509
0.001014233	0.065427065
0.000995159	0.054393053
