cpu2gpu_time	gpu_time
0.007067680	0.478342772
0.001283646	0.071224689
0.001296997	0.068848848
0.001298189	0.069893360
0.001298428	0.074959755
0.001320124	0.077786922
0.001321554	0.069593430
0.001324654	0.065577745
0.001290083	0.063985586
0.001302958	0.070768118
0.001349688	0.069307327
