cpu2gpu_time	gpu_time
0.000295639	0.349963665
0.000223398	0.026137352
0.000154495	0.023329973
0.000203371	0.025839567
0.000128508	0.025980234
0.000187397	0.025515079
0.000153303	0.025829077
0.000186682	0.021857500
0.000177622	0.026924133
0.000189781	0.025583744
0.000153542	0.024200439
