cpu2gpu_time	gpu_time
0.000653267	0.365181684
0.000357628	0.029064894
0.000355959	0.031986237
0.000371456	0.030084610
0.000365019	0.036508799
0.000397921	0.033728600
0.000364304	0.031649828
0.000366688	0.032909155
0.000349522	0.032670975
0.000364542	0.032759905
0.000362158	0.032321930
