cpu2gpu_time	gpu_time
0.001403570	0.434583902
0.001085997	0.058742762
0.001088381	0.056942701
0.001104593	0.064092875
0.001097441	0.057041168
0.001138449	0.057834864
0.001112223	0.061845303
0.001123428	0.057095766
0.004814148	0.057268858
0.001123667	0.062228680
0.001128674	0.054843903
