cpu2gpu_time	gpu_time
0.000571728	0.363467693
0.000283480	0.034705162
0.000266552	0.032354355
0.000268221	0.031415462
0.000273466	0.036259651
0.000270367	0.029432535
0.000260830	0.034172297
0.000442028	0.032234192
0.000267506	0.035424471
0.000269651	0.031496286
0.000265121	0.034560442
