cpu2gpu_time	gpu_time
0.013942003	1.025524378
0.012632847	0.765599966
0.012613297	0.584186316
0.012610674	0.584626913
0.012612104	0.584499121
0.020367146	0.585023880
0.012632370	0.586903334
0.012607098	0.584172964
0.012637138	0.584806681
0.012603045	0.583984375
0.012615919	0.584932089
