cpu2gpu_time	gpu_time
0.008175611	0.475680351
0.001381159	0.069411516
0.001377583	0.068909883
0.001391172	0.072195768
0.001570940	0.068128586
0.001373529	0.067173004
0.001375198	0.068314552
0.001389742	0.065817356
0.002044678	0.066508770
0.001375198	0.075123072
0.001373768	0.068091631
