cpu2gpu_time	gpu_time
0.000864029	0.403710604
0.000633478	0.041039705
0.000613213	0.043776751
0.000618696	0.040235758
0.000634432	0.038778305
0.000626802	0.043379307
0.000614166	0.042602301
0.000621319	0.040116310
0.000635862	0.041946173
0.000625610	0.037754774
0.000614882	0.037360430
