cpu2gpu_time	gpu_time
0.001211643	0.419151068
0.000842571	0.046022177
0.000870943	0.054325581
0.000923872	0.050518990
0.000910997	0.051557064
0.000867367	0.047780991
0.001841784	0.050059795
0.000875711	0.045733690
0.000872612	0.047760487
0.002107620	0.049025297
0.000887156	0.050876141
