cpu2gpu_time	gpu_time
0.002487183	0.487715483
0.001575947	0.100467920
0.001595974	0.096789360
0.001631737	0.092469454
0.001622915	0.091934919
0.001597643	0.091464758
0.001612663	0.091585159
0.001603365	0.091617584
0.001610041	0.091264963
0.001637459	0.091913223
0.001613855	0.091734409
