cpu2gpu_time	gpu_time
0.000746727	0.364085436
0.000461340	0.029409170
0.000456572	0.029590130
0.000552416	0.029434681
0.000467777	0.029331446
0.000473261	0.029575825
0.000474215	0.028147459
0.000468016	0.027516603
0.000482321	0.027613640
0.000469208	0.027451754
0.000483990	0.028423309
