cpu2gpu_time	gpu_time
0.001819849	0.443305731
0.001043320	0.066196680
0.001036644	0.063400745
0.001077890	0.063101530
0.001059055	0.061336994
0.001072407	0.060173988
0.001305342	0.063272953
0.001054049	0.060164452
0.001091003	0.060204983
0.001041174	0.060124636
0.001942396	0.060196161
