cpu2gpu_time	gpu_time
0.001226902	0.440839052
0.000988245	0.059487820
0.000988960	0.058132410
0.001082182	0.058057308
0.001098633	0.058153868
0.001165390	0.057771921
0.001070738	0.057556152
0.001094580	0.057402849
0.001162529	0.057022095
0.001063824	0.057038546
0.001015902	0.057455301
