cpu2gpu_time	gpu_time
0.001092911	0.418651342
0.000790358	0.051941156
0.000790834	0.052055359
0.000868082	0.048806190
0.000905037	0.048873663
0.000804424	0.048578739
0.000798464	0.047476053
0.000800371	0.045902252
0.000855684	0.045814753
0.000793457	0.045839310
0.000795603	0.045669794
