cpu2gpu_time	gpu_time
0.000942469	0.402514696
0.000684261	0.042470932
0.000645638	0.042485476
0.000711918	0.040428162
0.000656366	0.040070534
0.000663757	0.039302111
0.000664234	0.039263964
0.000668049	0.039016008
0.000732899	0.037514925
0.000764847	0.037414312
0.000695467	0.037458181
