cpu2gpu_time	gpu_time
0.000666857	0.336697817
0.000204086	0.013828993
0.000118256	0.011774778
0.000205994	0.011154175
0.000151396	0.011259317
0.000176668	0.010982990
0.000124931	0.011748314
0.000197887	0.011746645
0.000135422	0.011967421
0.000174284	0.012659788
0.000124931	0.015107393
