cpu2gpu_time	gpu_time
0.000953913	0.385893583
0.000610352	0.039073944
0.000606298	0.039485455
0.000740767	0.039253950
0.000619888	0.037213326
0.000622988	0.036374569
0.000612736	0.036897898
0.000626802	0.036484003
0.000626564	0.037221909
0.000616312	0.034404516
0.000645638	0.035849094
