cpu2gpu_time	gpu_time
0.000516176	0.350709200
0.000269651	0.018078089
0.000254631	0.016309500
0.000258923	0.016530037
0.000260353	0.018188715
0.000262499	0.017210484
0.000268936	0.017204285
0.001005888	0.016527891
0.001172304	0.017272949
0.000256300	0.016553879
0.000270605	0.018604279
