cpu2gpu_time	gpu_time
0.002580881	0.506978512
0.001627207	0.103911638
0.001640320	0.098975420
0.001641512	0.095590115
0.004829884	0.096529484
0.001644373	0.094841480
0.001653433	0.097266436
0.001662970	0.093915224
0.001651764	0.094108582
0.001706123	0.094245672
0.007245064	0.094454050
