cpu2gpu_time	gpu_time
0.000325918	0.343008041
0.000229597	0.013061523
0.000197172	0.011857033
0.000425816	0.020419836
0.000153065	0.012963295
0.000192881	0.012793303
0.000192404	0.014306068
0.000211716	0.016414642
0.000214100	0.012270451
0.000202417	0.012438536
0.000191689	0.013177395
