cpu2gpu_time	gpu_time
0.000622034	0.351401091
0.000422239	0.026498318
0.000413418	0.031429291
0.000415564	0.026526690
0.000419855	0.025659323
0.001829386	0.024392605
0.000471115	0.025571346
0.001596928	0.024204969
0.000437737	0.024519920
0.000424862	0.025430918
0.000443459	0.024673223
