cpu2gpu_time	gpu_time
0.004177094	0.408129215
0.000742912	0.048817158
0.000741482	0.048974752
0.000803709	0.047104359
0.001816511	0.045580864
0.000755310	0.045236588
0.000851870	0.045644283
0.002754211	0.043635130
0.000769854	0.043060303
0.000798225	0.043078899
0.000787258	0.043128729
