cpu2gpu_time	gpu_time
0.000558853	0.347328424
0.000308037	0.020421743
0.000312090	0.020910263
0.000313759	0.020134926
0.000316143	0.022848606
0.000317335	0.020380497
0.000324249	0.021055460
0.000318527	0.021303654
0.000313044	0.023552179
0.000299215	0.020101309
0.000343323	0.020596504
