cpu2gpu_time	gpu_time
0.008697510	0.507766962
0.001476288	0.094434023
0.001509428	0.090693474
0.001497746	0.087827682
0.001487970	0.086215496
0.001485825	0.086365461
0.001534700	0.086005688
0.001501322	0.085765362
0.001480103	0.086265326
0.001520157	0.086355448
0.001555681	0.085526705
