cpu2gpu_time	gpu_time
0.028944016	0.811095238
0.006362915	0.375329971
0.006339788	0.367279768
0.006348133	0.365308762
0.006336212	0.367515564
0.006339073	0.365389824
0.006347656	0.369461775
0.006359577	0.367462635
0.012224674	0.366799593
0.006388426	0.367678642
0.006341457	0.369129181
