cpu2gpu_time	gpu_time
0.000626087	0.357081175
0.000363111	0.023257732
0.000386715	0.023133993
0.000384808	0.023414612
0.000400782	0.023718119
0.000349045	0.021844864
0.000369787	0.021704435
0.000406742	0.023402691
0.000377417	0.021861076
0.000371218	0.023845911
0.000351667	0.023333073
