cpu2gpu_time	gpu_time
0.000939846	0.422305822
0.000725746	0.045836687
0.000701904	0.045895100
0.000707150	0.044957638
0.000727177	0.042856693
0.000833035	0.042814732
0.000761271	0.042622089
0.000842571	0.042359829
0.000717640	0.040295601
0.000723362	0.042509317
0.000715017	0.040308714
