cpu2gpu_time	gpu_time
0.007447720	0.478490591
0.001382113	0.091163874
0.001382828	0.086961031
0.001401424	0.084678411
0.001416922	0.081490993
0.001391411	0.080362320
0.004536629	0.080490589
0.001410961	0.080445528
0.001410246	0.080313683
0.001583815	0.080043554
0.001454115	0.080110312
