cpu2gpu_time	gpu_time
0.001125097	0.425721169
0.000889540	0.058846712
0.000895023	0.054736853
0.000912666	0.054732800
0.000921726	0.054668903
0.000929594	0.052425623
0.000930309	0.051816225
0.000893593	0.051821947
0.000911951	0.051779747
0.000915051	0.051600456
0.000941038	0.051656723
