cpu2gpu_time	gpu_time
0.002218962	0.471848965
0.001336575	0.087982655
0.001328468	0.081684589
0.001368999	0.081938982
0.001343489	0.077537060
0.001323462	0.076939106
0.001409054	0.077555180
0.001390934	0.077316761
0.001335621	0.080108166
0.001326799	0.077312708
0.001365900	0.077042818
