cpu2gpu_time	gpu_time
0.001256943	0.432107210
0.000939369	0.062004805
0.000944376	0.058573723
0.001085043	0.057471752
0.000962734	0.057662725
0.003538132	0.054779530
0.001035452	0.054752588
0.000993252	0.054416895
0.000955343	0.054469347
0.001036406	0.054268599
0.000975132	0.054901838
