cpu2gpu_time	gpu_time
0.008466005	0.490424156
0.001438141	0.093198299
0.001433372	0.087527275
0.004370213	0.086008549
0.001530170	0.083406687
0.001473904	0.083206654
0.001444817	0.082914352
0.005172491	0.082958221
0.001454830	0.083271027
0.001510620	0.083719254
0.001474619	0.083366156
