cpu2gpu_time	forward_time	backward_time
0.004255533	1.538689137	0.425729513
0.003252268	0.005007982	0.013829947
0.003190279	0.004905462	0.013507843
0.003184080	0.004896641	0.013563871
0.003185272	0.004883766	0.013670683
0.003186226	0.004884005	0.013760328
0.003186703	0.004903793	0.013842106
0.003185272	0.004881620	0.013868570
0.003187656	0.004864931	0.013733625
0.003336430	0.005057812	0.014912605
0.003193140	0.004889250	0.013926029
