cpu2gpu_time	gpu_time
0.006190777	9.157618046
0.003275394	1.204932690
0.003517389	1.217258930
0.003731012	1.219879627
0.003776550	1.215555668
0.003583670	1.218901634
0.003578186	1.215886831
0.003682852	1.215568066
0.003648043	1.217980862
0.003611326	1.222714424
0.003721237	1.219240427
