cpu2gpu_time	gpu_time
0.006201744	12.286979914
0.003296375	2.136137486
0.003489971	1.520087719
0.003707886	1.520885944
0.003706932	1.518414497
0.003670692	1.523377180
0.003711224	1.521618366
0.003717422	1.529943466
0.003782511	1.529048681
0.003665686	1.526599407
0.003692150	1.523170471
