cpu2gpu_time	gpu_time
0.017609358	5.395061255
0.003754616	0.488891125
0.003677845	0.495504141
0.003574371	0.489830732
0.003758907	0.498756170
0.003673077	0.489662886
0.003540039	0.487393856
0.003588438	0.496256113
0.003640413	0.495395422
0.003668785	0.496305227
0.003627062	0.491326571
