cpu2gpu_time	gpu_time
0.019930124	2.473874331
0.003309727	0.286236763
0.003369093	0.287759781
0.003388882	0.287401199
0.003405094	0.287196636
0.003356218	0.287021160
0.003368616	0.286435604
0.003334522	0.286364317
0.003401279	0.286207914
0.003368616	0.286497355
0.003334522	0.286356449
