cpu2gpu_time	gpu_time
0.018189907	4.116591930
0.003313065	0.666761160
0.003449917	0.672060966
0.003492117	0.670152187
0.003410101	0.673249960
0.003476381	0.674425840
0.003492594	0.671571016
0.003458500	0.670093298
0.003436565	0.675818205
0.003493309	0.676169395
0.003498554	0.672096729
