cpu2gpu_time	gpu_time
0.005866528	2.969385624
0.003319263	0.415281773
0.003419638	0.422602654
0.003390312	0.418878555
0.003442526	0.416854143
0.003443003	0.418326139
0.003460169	0.418874502
0.003395557	0.417384863
0.003391504	0.416311264
0.003428221	0.419910908
0.003450394	0.422184706
