cpu2gpu_time	gpu_time
0.017799854	1.997210503
0.003320932	0.163741589
0.003314495	0.164695263
0.003403664	0.166906357
0.003388166	0.165819168
0.003352165	0.166485548
0.003445387	0.166018724
0.003386021	0.164386749
0.003316164	0.164198160
0.003359556	0.163551331
0.003375530	0.164669037
