cpu2gpu_time	gpu_time
0.017727137	3.642464399
0.003344774	0.463455439
0.003569365	0.471625805
0.003547192	0.469960451
0.003439188	0.469621897
0.003457785	0.470550060
0.003476381	0.468906641
0.003492832	0.467942238
0.003440142	0.467737913
0.003572702	0.469477654
0.003547192	0.470849514
