cpu2gpu_time	gpu_time
0.006142378	3.186281919
0.003365040	0.403916836
0.003420830	0.405658484
0.003494740	0.408309698
0.003384829	0.408195496
0.003486872	0.405980825
0.003462791	0.408931494
0.003380060	0.407725334
0.003432512	0.406046629
0.003424883	0.410246134
0.003447294	0.409207821
