cpu2gpu_time	gpu_time
0.017130375	7.960173845
0.003660440	1.189227581
0.004038811	1.197335243
0.003928185	1.194817066
0.003829241	1.193814516
0.003804922	1.194987535
0.003923178	1.191562653
0.003989220	1.194316387
0.003959417	1.188016176
0.004002571	1.192739010
0.004085302	1.192152023
