cpu2gpu_time	gpu_time
0.018362999	3.297725201
0.003631353	0.324526548
0.003782034	0.335567951
0.003823280	0.335216284
0.003750324	0.332957506
0.003714561	0.332458496
0.003798008	0.335779905
0.003796577	0.335318089
0.003933668	0.332513094
0.003800154	0.334577322
0.003885984	0.331773520
