cpu2gpu_time	gpu_time
0.006119728	10.955325365
0.003507853	1.804132462
0.003723621	1.789502621
0.003693342	1.785798073
0.003798246	1.789602280
0.003744125	1.790352345
0.003599882	1.787261009
0.003783464	1.793517590
0.003746033	1.791993618
0.003689766	1.798065901
0.003681421	1.788809299
