cpu2gpu_time	gpu_time
0.006211281	3.511667490
0.003820181	0.549005508
0.006473064	0.560955048
0.003814697	0.555468082
0.003886938	0.553450823
0.003822565	0.560232639
0.003914356	0.556321859
0.003840208	0.553095102
0.004139185	0.555243015
0.003830671	0.551985979
0.003931761	0.554420471
