cpu2gpu_time	gpu_time
0.017039776	8.151291132
0.003659725	1.986118793
0.003907919	1.993672132
0.003903627	1.988513708
0.003851652	1.983573675
0.004004240	1.978389740
0.003897667	1.982879400
0.004029274	1.983041525
0.003893852	1.983574629
0.003916025	1.987214327
0.003816605	1.982657671
