cpu2gpu_time	gpu_time
0.018271208	1.930691004
0.003359795	0.196751356
0.003457785	0.201078653
0.003593922	0.201086044
0.003508568	0.201180458
0.003460407	0.199819565
0.003481627	0.200688362
0.003399134	0.200838804
0.003429890	0.199931860
0.003446102	0.195135117
0.003795147	0.199409723
