cpu2gpu_time	gpu_time
0.005869389	1.564699411
0.003729105	0.109797955
0.003722429	0.106201172
0.003386497	0.103957415
0.003284454	0.102835178
0.003285646	0.102957249
0.003296852	0.103312254
0.003382921	0.102776051
0.003355265	0.103820562
0.003432989	0.103501320
0.003403187	0.104409456
