cpu2gpu_time	gpu_time
0.016542435	2.440598488
0.003344536	0.286607265
0.003560066	0.300655603
0.003685236	0.299777985
0.003555298	0.295271397
0.003569365	0.296678305
0.003476858	0.296600819
0.003537416	0.293360472
0.003502131	0.293370247
0.003604174	0.296897650
0.003655672	0.295068979
