cpu2gpu_time	gpu_time
0.006011963	3.040436745
0.003341198	0.404494286
0.006217957	0.420759916
0.003767014	0.414438486
0.003623724	0.417063951
0.003662109	0.417016506
0.003682137	0.414637804
0.003673315	0.415632963
0.003596544	0.413387775
0.003743410	0.417319775
0.003646851	0.416429281
