cpu2gpu_time	gpu_time
0.004266977	1.951009750
0.006363153	0.034825325
0.003188372	0.032258987
0.003184080	0.032272816
0.003191948	0.032202959
0.003188848	0.032211065
0.003190517	0.032262325
0.003184319	0.032204628
0.003250360	0.032226324
0.003317118	0.032412052
0.003191471	0.032309532
