cpu2gpu_time	gpu_time
0.006041527	3.562365532
0.003692150	0.383713007
0.003504515	0.381734133
0.003572702	0.379308939
0.003512383	0.378818274
0.003520966	0.376693726
0.003472090	0.373042583
0.003432274	0.371782064
0.003499269	0.372284889
0.003413916	0.374704838
0.003422976	0.369259834
