cpu2gpu_time	gpu_time
0.005903244	10.724869967
0.003377438	0.850579739
0.003823757	0.853015900
0.003782034	0.835962296
0.003746748	0.828720808
0.003581524	0.804890156
0.003526211	0.809067965
0.003442287	0.801460981
0.003372908	0.802853584
0.003447533	0.801585436
0.003962755	0.805482626
