cpu2gpu_time	gpu_time
0.006013870	17.526328564
0.004040480	3.022578001
0.003864050	1.999828100
0.003900290	1.942064762
0.003613710	1.865450144
0.003655910	1.880316019
0.003885508	1.888686419
0.003797293	1.874001503
0.003731251	1.875119925
0.003923893	1.877738714
0.003890991	1.881478548
