cpu2gpu_time	gpu_time
0.005921841	17.259809732
0.003340244	3.923551083
0.003971577	1.743799448
0.004002571	1.723799944
0.003930092	1.719196558
0.004022837	1.725866795
0.003898382	1.722668886
0.003996134	1.719783306
0.003807068	1.720360279
0.004075050	1.713060141
0.003850698	1.720836401
