cpu2gpu_time	gpu_time
0.006116867	17.617771149
0.003625631	2.120924473
0.003741980	2.123386621
0.003598690	2.128443718
0.003759623	2.111318111
0.003798962	2.120493650
0.003686905	2.126308441
0.003788471	2.114029169
0.003723621	2.119345427
0.003649950	2.128606319
0.003738165	2.125371218
