cpu2gpu_time	gpu_time
0.017381191	17.577434540
0.003373384	1.841472626
0.003710508	1.844687700
0.003908873	1.844136953
0.003653526	1.835064173
0.003794193	1.831144810
0.003756762	1.838760138
0.003703594	1.837085009
0.003763199	1.831739902
0.003770590	1.835847378
0.003750801	1.831414700
