cpu2gpu_time	gpu_time
0.006129265	17.344984055
0.003581762	2.595018148
0.003951550	1.736307144
0.003867626	1.681913614
0.003677607	1.628887892
0.003603935	1.654631376
0.003655434	1.648052454
0.003750086	1.644886017
0.003919601	1.639590740
0.003794909	1.644428492
0.003769159	1.638244390
