cpu2gpu_time	gpu_time
0.005841970	17.338684082
0.003360271	2.336558104
0.003930092	1.477057457
0.003921509	1.451854229
0.003746510	1.427298307
0.003691435	1.383420229
0.003798485	1.388447046
0.003833294	1.394539356
0.003726482	1.384556532
0.003783226	1.382592916
0.003768682	1.385878563
