cpu2gpu_time	gpu_time
0.017848492	11.671740770
0.003397703	0.954787970
0.003587484	0.965544224
0.003886938	0.961011410
0.003789663	0.962922335
0.003765821	0.967374325
0.003576994	0.954284668
0.003715754	0.962263346
0.003837824	0.962435246
0.003805637	0.966165781
0.003835917	0.963801384
