cpu2gpu_time	gpu_time
0.004258394	8.369661331
0.003213167	0.326733828
0.003227711	0.326917171
0.003202200	0.326526403
0.003202677	0.326965570
0.003253460	0.326395988
0.003200293	0.326701164
0.003190279	0.325922966
0.003199100	0.326270819
0.003200531	0.325487852
0.003200293	0.326094389
