cpu2gpu_time	gpu_time
0.076853514	0.879978895
0.012528181	0.471373796
0.012584686	0.470102549
0.012594700	0.480727911
0.012513161	0.470091820
0.012566090	0.469984293
0.012504578	0.470517397
0.012552738	0.470522642
0.012860298	0.470649481
0.012499094	0.470479727
0.012539864	0.469845772
