cpu2gpu_time	gpu_time
0.020401478	0.474950552
0.003316402	0.125254154
0.008759499	0.125191927
0.003260136	0.124171257
0.003317833	0.124483109
0.003273726	0.124177217
0.003270149	0.123990059
0.003298998	0.124151468
0.003297091	0.125072718
0.003273487	0.124720335
0.003257513	0.124052525
