cpu2gpu_time	gpu_time
0.037231207	0.555182457
0.006343365	0.241557121
0.006462812	0.279849529
0.006382704	0.239329338
0.006342649	0.239387751
0.006382227	0.239404202
0.006326437	0.239421129
0.006312132	0.239951372
0.006353378	0.239383936
0.006377459	0.239428043
0.006355762	0.249578714
