cpu2gpu_time	gpu_time
0.019678354	0.473166943
0.003319502	0.148335934
0.012493610	0.125002384
0.003277302	0.124455929
0.003339529	0.127495050
0.003222227	0.123950243
0.003247499	0.125447273
0.003237247	0.124010086
0.003227711	0.126546621
0.003208160	0.123915434
0.003259420	0.123858929
