cpu2gpu_time	gpu_time
0.013496876	0.780503273
0.012502670	0.471299171
0.012526989	0.470521688
0.012567520	0.476453304
0.012560368	0.470040321
0.012529135	0.469775438
0.012643814	0.470021009
0.012569904	0.469965219
0.012579918	0.470528603
0.012757540	0.470614672
0.012557030	0.469909191
