cpu2gpu_time	gpu_time
0.037502050	0.555215597
0.006337404	0.239793301
0.006394625	0.240982056
0.015623331	0.239633560
0.006324053	0.239383698
0.006330490	0.239567995
0.006374359	0.239558458
0.006295204	0.240576267
0.006332636	0.239645243
0.006297588	0.239377022
0.006339788	0.239429712
