cpu2gpu_time	gpu_time
0.004258394	1.699565887
0.003194809	1.310689211
0.003194332	1.311068058
0.003195047	1.312429190
0.003189564	1.310951471
0.003187180	1.311563253
0.003225088	1.310829163
0.003193855	1.311412096
0.003207922	1.311469555
0.003178120	1.310795307
0.003193617	1.311238289
