cpu2gpu_time	gpu_time
0.004053116	1.626206160
0.003194571	1.305749893
0.003205538	1.305612326
0.003203392	1.306367636
0.003219366	1.305158377
0.003196716	1.305843592
0.003200769	1.305639744
0.003197193	1.305724144
0.003191233	1.305430651
0.003182888	1.305726290
0.003317833	1.305085421
