cpu2gpu_time	gpu_time
0.013162136	1.073024750
0.012461662	0.962502241
0.012512684	0.770724773
0.012495279	0.770702124
0.024695635	0.770256281
0.012471676	0.769694567
0.012563467	0.770594597
0.012539148	0.771134615
0.012520075	0.771696568
0.012520313	0.771434784
0.015142679	0.771632433
