cpu2gpu_time	gpu_time
0.004009962	0.517149210
0.003191233	0.141952753
0.003199816	0.140211582
0.003250122	0.139903069
0.003190756	0.139844179
0.003193378	0.139868736
0.003222227	0.139917612
0.003196955	0.140233994
0.003191948	0.139773607
0.003199577	0.140407562
0.003203392	0.139812469
